w1,w2,w3,s1,s2,eq_check
1,2,1,signed,unsigned,True
1,2,1,unsigned,unsigned,True
2,2,1,signed,unsigned,True
2,2,1,unsigned,unsigned,True
3,2,1,signed,unsigned,True
3,2,1,unsigned,unsigned,True
4,2,1,signed,unsigned,True
4,2,1,unsigned,unsigned,True
5,2,1,signed,unsigned,True
5,2,1,unsigned,unsigned,True
6,2,1,signed,unsigned,True
6,2,1,unsigned,unsigned,True
7,2,1,signed,unsigned,True
7,2,1,unsigned,unsigned,True
8,2,1,signed,unsigned,True
8,2,1,unsigned,unsigned,True
1,2,2,signed,unsigned,True
1,2,2,unsigned,unsigned,True
2,2,2,signed,unsigned,True
2,2,2,unsigned,unsigned,True
3,2,2,signed,unsigned,True
3,2,2,unsigned,unsigned,True
4,2,2,signed,unsigned,True
4,2,2,unsigned,unsigned,True
5,2,2,signed,unsigned,True
5,2,2,unsigned,unsigned,True
6,2,2,signed,unsigned,True
6,2,2,unsigned,unsigned,True
7,2,2,signed,unsigned,True
7,2,2,unsigned,unsigned,True
8,2,2,signed,unsigned,True
8,2,2,unsigned,unsigned,True
1,2,3,signed,unsigned,False
1,2,3,unsigned,unsigned,True
2,2,3,signed,unsigned,True
2,2,3,unsigned,unsigned,True
3,2,3,signed,unsigned,True
3,2,3,unsigned,unsigned,True
4,2,3,signed,unsigned,True
4,2,3,unsigned,unsigned,True
5,2,3,signed,unsigned,True
5,2,3,unsigned,unsigned,True
6,2,3,signed,unsigned,True
6,2,3,unsigned,unsigned,True
7,2,3,signed,unsigned,True
7,2,3,unsigned,unsigned,True
8,2,3,signed,unsigned,True
8,2,3,unsigned,unsigned,True
1,2,4,signed,unsigned,False
1,2,4,unsigned,unsigned,True
2,2,4,signed,unsigned,False
2,2,4,unsigned,unsigned,True
3,2,4,signed,unsigned,True
3,2,4,unsigned,unsigned,True
4,2,4,signed,unsigned,True
4,2,4,unsigned,unsigned,True
5,2,4,signed,unsigned,True
5,2,4,unsigned,unsigned,True
6,2,4,signed,unsigned,True
6,2,4,unsigned,unsigned,True
7,2,4,signed,unsigned,True
7,2,4,unsigned,unsigned,True
8,2,4,signed,unsigned,True
8,2,4,unsigned,unsigned,True
1,2,5,signed,unsigned,False
1,2,5,unsigned,unsigned,True
2,2,5,signed,unsigned,False
2,2,5,unsigned,unsigned,True
3,2,5,signed,unsigned,False
3,2,5,unsigned,unsigned,True
4,2,5,signed,unsigned,True
4,2,5,unsigned,unsigned,True
5,2,5,signed,unsigned,True
5,2,5,unsigned,unsigned,True
6,2,5,signed,unsigned,True
6,2,5,unsigned,unsigned,True
7,2,5,signed,unsigned,True
7,2,5,unsigned,unsigned,True
8,2,5,signed,unsigned,True
8,2,5,unsigned,unsigned,True
1,2,6,signed,unsigned,False
1,2,6,unsigned,unsigned,True
2,2,6,signed,unsigned,False
2,2,6,unsigned,unsigned,True
3,2,6,signed,unsigned,False
3,2,6,unsigned,unsigned,True
4,2,6,signed,unsigned,False
4,2,6,unsigned,unsigned,True
5,2,6,signed,unsigned,True
5,2,6,unsigned,unsigned,True
6,2,6,signed,unsigned,True
6,2,6,unsigned,unsigned,True
7,2,6,signed,unsigned,True
7,2,6,unsigned,unsigned,True
8,2,6,signed,unsigned,True
8,2,6,unsigned,unsigned,True
1,2,7,signed,unsigned,False
1,2,7,unsigned,unsigned,True
2,2,7,signed,unsigned,False
2,2,7,unsigned,unsigned,True
3,2,7,signed,unsigned,False
3,2,7,unsigned,unsigned,True
4,2,7,signed,unsigned,False
4,2,7,unsigned,unsigned,True
5,2,7,signed,unsigned,False
5,2,7,unsigned,unsigned,True
6,2,7,signed,unsigned,True
6,2,7,unsigned,unsigned,True
7,2,7,signed,unsigned,True
7,2,7,unsigned,unsigned,True
8,2,7,signed,unsigned,True
8,2,7,unsigned,unsigned,True
1,2,8,signed,unsigned,False
1,2,8,unsigned,unsigned,True
2,2,8,signed,unsigned,False
2,2,8,unsigned,unsigned,True
3,2,8,signed,unsigned,False
3,2,8,unsigned,unsigned,True
4,2,8,signed,unsigned,False
4,2,8,unsigned,unsigned,True
5,2,8,signed,unsigned,False
5,2,8,unsigned,unsigned,True
6,2,8,signed,unsigned,False
6,2,8,unsigned,unsigned,True
7,2,8,signed,unsigned,True
7,2,8,unsigned,unsigned,True
8,2,8,signed,unsigned,True
8,2,8,unsigned,unsigned,True
1,3,1,signed,signed,True
1,3,1,unsigned,signed,True
1,3,1,signed,unsigned,True
1,3,1,unsigned,unsigned,True
2,3,1,signed,signed,True
2,3,1,unsigned,signed,True
2,3,1,signed,unsigned,True
2,3,1,unsigned,unsigned,True
3,3,1,signed,signed,True
3,3,1,unsigned,signed,True
3,3,1,signed,unsigned,True
3,3,1,unsigned,unsigned,True
4,3,1,signed,signed,True
4,3,1,unsigned,signed,True
4,3,1,signed,unsigned,True
4,3,1,unsigned,unsigned,True
5,3,1,signed,signed,True
5,3,1,unsigned,signed,True
5,3,1,signed,unsigned,True
5,3,1,unsigned,unsigned,True
6,3,1,signed,signed,True
6,3,1,unsigned,signed,True
6,3,1,signed,unsigned,True
6,3,1,unsigned,unsigned,True
7,3,1,signed,signed,True
7,3,1,unsigned,signed,True
7,3,1,signed,unsigned,True
7,3,1,unsigned,unsigned,True
8,3,1,signed,signed,True
8,3,1,unsigned,signed,True
8,3,1,signed,unsigned,True
8,3,1,unsigned,unsigned,True
1,3,2,signed,signed,True
1,3,2,unsigned,signed,True
1,3,2,signed,unsigned,True
1,3,2,unsigned,unsigned,True
2,3,2,signed,signed,True
2,3,2,unsigned,signed,True
2,3,2,signed,unsigned,True
2,3,2,unsigned,unsigned,True
3,3,2,signed,signed,True
3,3,2,unsigned,signed,True
3,3,2,signed,unsigned,True
3,3,2,unsigned,unsigned,True
4,3,2,signed,signed,True
4,3,2,unsigned,signed,True
4,3,2,signed,unsigned,True
4,3,2,unsigned,unsigned,True
5,3,2,signed,signed,True
5,3,2,unsigned,signed,True
5,3,2,signed,unsigned,True
5,3,2,unsigned,unsigned,True
6,3,2,signed,signed,True
6,3,2,unsigned,signed,True
6,3,2,signed,unsigned,True
6,3,2,unsigned,unsigned,True
7,3,2,signed,signed,True
7,3,2,unsigned,signed,True
7,3,2,signed,unsigned,True
7,3,2,unsigned,unsigned,True
8,3,2,signed,signed,True
8,3,2,unsigned,signed,True
8,3,2,signed,unsigned,True
8,3,2,unsigned,unsigned,True
1,3,3,signed,signed,False
1,3,3,unsigned,signed,False
1,3,3,signed,unsigned,False
1,3,3,unsigned,unsigned,True
2,3,3,signed,signed,False
2,3,3,unsigned,signed,False
2,3,3,signed,unsigned,True
2,3,3,unsigned,unsigned,True
3,3,3,signed,signed,False
3,3,3,unsigned,signed,False
3,3,3,signed,unsigned,True
3,3,3,unsigned,unsigned,True
4,3,3,signed,signed,False
4,3,3,unsigned,signed,False
4,3,3,signed,unsigned,True
4,3,3,unsigned,unsigned,True
5,3,3,signed,signed,False
5,3,3,unsigned,signed,False
5,3,3,signed,unsigned,True
5,3,3,unsigned,unsigned,True
6,3,3,signed,signed,False
6,3,3,unsigned,signed,False
6,3,3,signed,unsigned,True
6,3,3,unsigned,unsigned,True
7,3,3,signed,signed,False
7,3,3,unsigned,signed,False
7,3,3,signed,unsigned,True
7,3,3,unsigned,unsigned,True
8,3,3,signed,signed,False
8,3,3,unsigned,signed,False
8,3,3,signed,unsigned,True
8,3,3,unsigned,unsigned,True
1,3,4,signed,signed,False
1,3,4,unsigned,signed,False
1,3,4,signed,unsigned,False
1,3,4,unsigned,unsigned,True
2,3,4,signed,signed,False
2,3,4,unsigned,signed,False
2,3,4,signed,unsigned,False
2,3,4,unsigned,unsigned,True
3,3,4,signed,signed,False
3,3,4,unsigned,signed,False
3,3,4,signed,unsigned,True
3,3,4,unsigned,unsigned,True
4,3,4,signed,signed,False
4,3,4,unsigned,signed,False
4,3,4,signed,unsigned,True
4,3,4,unsigned,unsigned,True
5,3,4,signed,signed,False
5,3,4,unsigned,signed,False
5,3,4,signed,unsigned,True
5,3,4,unsigned,unsigned,True
6,3,4,signed,signed,False
6,3,4,unsigned,signed,False
6,3,4,signed,unsigned,True
6,3,4,unsigned,unsigned,True
7,3,4,signed,signed,False
7,3,4,unsigned,signed,False
7,3,4,signed,unsigned,True
7,3,4,unsigned,unsigned,True
8,3,4,signed,signed,False
8,3,4,unsigned,signed,False
8,3,4,signed,unsigned,True
8,3,4,unsigned,unsigned,True
1,3,5,signed,signed,False
1,3,5,unsigned,signed,False
1,3,5,signed,unsigned,False
1,3,5,unsigned,unsigned,True
2,3,5,signed,signed,False
2,3,5,unsigned,signed,False
2,3,5,signed,unsigned,False
2,3,5,unsigned,unsigned,True
3,3,5,signed,signed,False
3,3,5,unsigned,signed,False
3,3,5,signed,unsigned,False
3,3,5,unsigned,unsigned,True
4,3,5,signed,signed,False
4,3,5,unsigned,signed,False
4,3,5,signed,unsigned,True
4,3,5,unsigned,unsigned,True
5,3,5,signed,signed,False
5,3,5,unsigned,signed,False
5,3,5,signed,unsigned,True
5,3,5,unsigned,unsigned,True
6,3,5,signed,signed,False
6,3,5,unsigned,signed,False
6,3,5,signed,unsigned,True
6,3,5,unsigned,unsigned,True
7,3,5,signed,signed,False
7,3,5,unsigned,signed,False
7,3,5,signed,unsigned,True
7,3,5,unsigned,unsigned,True
8,3,5,signed,signed,False
8,3,5,unsigned,signed,False
8,3,5,signed,unsigned,True
8,3,5,unsigned,unsigned,True
1,3,6,signed,signed,False
1,3,6,unsigned,signed,False
1,3,6,signed,unsigned,False
1,3,6,unsigned,unsigned,True
2,3,6,signed,signed,False
2,3,6,unsigned,signed,False
2,3,6,signed,unsigned,False
2,3,6,unsigned,unsigned,True
3,3,6,signed,signed,False
3,3,6,unsigned,signed,False
3,3,6,signed,unsigned,False
3,3,6,unsigned,unsigned,True
4,3,6,signed,signed,False
4,3,6,unsigned,signed,False
4,3,6,signed,unsigned,False
4,3,6,unsigned,unsigned,True
5,3,6,signed,signed,False
5,3,6,unsigned,signed,False
5,3,6,signed,unsigned,True
5,3,6,unsigned,unsigned,True
6,3,6,signed,signed,False
6,3,6,unsigned,signed,False
6,3,6,signed,unsigned,True
6,3,6,unsigned,unsigned,True
7,3,6,signed,signed,False
7,3,6,unsigned,signed,False
7,3,6,signed,unsigned,True
7,3,6,unsigned,unsigned,True
8,3,6,signed,signed,False
8,3,6,unsigned,signed,False
8,3,6,signed,unsigned,True
8,3,6,unsigned,unsigned,True
1,3,7,signed,signed,False
1,3,7,unsigned,signed,False
1,3,7,signed,unsigned,False
1,3,7,unsigned,unsigned,True
2,3,7,signed,signed,False
2,3,7,unsigned,signed,False
2,3,7,signed,unsigned,False
2,3,7,unsigned,unsigned,True
3,3,7,signed,signed,False
3,3,7,unsigned,signed,False
3,3,7,signed,unsigned,False
3,3,7,unsigned,unsigned,True
4,3,7,signed,signed,False
4,3,7,unsigned,signed,False
4,3,7,signed,unsigned,False
4,3,7,unsigned,unsigned,True
5,3,7,signed,signed,False
5,3,7,unsigned,signed,False
5,3,7,signed,unsigned,False
5,3,7,unsigned,unsigned,True
6,3,7,signed,signed,False
6,3,7,unsigned,signed,False
6,3,7,signed,unsigned,True
6,3,7,unsigned,unsigned,True
7,3,7,signed,signed,False
7,3,7,unsigned,signed,False
7,3,7,signed,unsigned,True
7,3,7,unsigned,unsigned,True
8,3,7,signed,signed,False
8,3,7,unsigned,signed,False
8,3,7,signed,unsigned,True
8,3,7,unsigned,unsigned,True
1,3,8,signed,signed,False
1,3,8,unsigned,signed,False
1,3,8,signed,unsigned,False
1,3,8,unsigned,unsigned,True
2,3,8,signed,signed,False
2,3,8,unsigned,signed,False
2,3,8,signed,unsigned,False
2,3,8,unsigned,unsigned,True
3,3,8,signed,signed,False
3,3,8,unsigned,signed,False
3,3,8,signed,unsigned,False
3,3,8,unsigned,unsigned,True
4,3,8,signed,signed,False
4,3,8,unsigned,signed,False
4,3,8,signed,unsigned,False
4,3,8,unsigned,unsigned,True
5,3,8,signed,signed,False
5,3,8,unsigned,signed,False
5,3,8,signed,unsigned,False
5,3,8,unsigned,unsigned,True
6,3,8,signed,signed,False
6,3,8,unsigned,signed,False
6,3,8,signed,unsigned,False
6,3,8,unsigned,unsigned,True
7,3,8,signed,signed,False
7,3,8,unsigned,signed,False
7,3,8,signed,unsigned,True
7,3,8,unsigned,unsigned,True
8,3,8,signed,signed,False
8,3,8,unsigned,signed,False
8,3,8,signed,unsigned,True
8,3,8,unsigned,unsigned,True
1,4,1,signed,signed,True
1,4,1,unsigned,signed,True
1,4,1,signed,unsigned,True
1,4,1,unsigned,unsigned,True
2,4,1,signed,signed,True
2,4,1,unsigned,signed,True
2,4,1,signed,unsigned,True
2,4,1,unsigned,unsigned,True
3,4,1,signed,signed,True
3,4,1,unsigned,signed,True
3,4,1,signed,unsigned,True
3,4,1,unsigned,unsigned,True
4,4,1,signed,signed,True
4,4,1,unsigned,signed,True
4,4,1,signed,unsigned,True
4,4,1,unsigned,unsigned,True
5,4,1,signed,signed,True
5,4,1,unsigned,signed,True
5,4,1,signed,unsigned,True
5,4,1,unsigned,unsigned,True
6,4,1,signed,signed,True
6,4,1,unsigned,signed,True
6,4,1,signed,unsigned,True
6,4,1,unsigned,unsigned,True
7,4,1,signed,signed,True
7,4,1,unsigned,signed,True
7,4,1,signed,unsigned,True
7,4,1,unsigned,unsigned,True
8,4,1,signed,signed,True
8,4,1,unsigned,signed,True
8,4,1,signed,unsigned,True
8,4,1,unsigned,unsigned,True
1,4,2,signed,signed,True
1,4,2,unsigned,signed,True
1,4,2,signed,unsigned,True
1,4,2,unsigned,unsigned,True
2,4,2,signed,signed,True
2,4,2,unsigned,signed,True
2,4,2,signed,unsigned,True
2,4,2,unsigned,unsigned,True
3,4,2,signed,signed,True
3,4,2,unsigned,signed,True
3,4,2,signed,unsigned,True
3,4,2,unsigned,unsigned,True
4,4,2,signed,signed,True
4,4,2,unsigned,signed,True
4,4,2,signed,unsigned,True
4,4,2,unsigned,unsigned,True
5,4,2,signed,signed,True
5,4,2,unsigned,signed,True
5,4,2,signed,unsigned,True
5,4,2,unsigned,unsigned,True
6,4,2,signed,signed,True
6,4,2,unsigned,signed,True
6,4,2,signed,unsigned,True
6,4,2,unsigned,unsigned,True
7,4,2,signed,signed,True
7,4,2,unsigned,signed,True
7,4,2,signed,unsigned,True
7,4,2,unsigned,unsigned,True
8,4,2,signed,signed,True
8,4,2,unsigned,signed,True
8,4,2,signed,unsigned,True
8,4,2,unsigned,unsigned,True
1,4,3,signed,signed,False
1,4,3,unsigned,signed,False
1,4,3,signed,unsigned,False
1,4,3,unsigned,unsigned,True
2,4,3,signed,signed,False
2,4,3,unsigned,signed,False
2,4,3,signed,unsigned,True
2,4,3,unsigned,unsigned,True
3,4,3,signed,signed,False
3,4,3,unsigned,signed,False
3,4,3,signed,unsigned,True
3,4,3,unsigned,unsigned,True
4,4,3,signed,signed,False
4,4,3,unsigned,signed,False
4,4,3,signed,unsigned,True
4,4,3,unsigned,unsigned,True
5,4,3,signed,signed,False
5,4,3,unsigned,signed,False
5,4,3,signed,unsigned,True
5,4,3,unsigned,unsigned,True
6,4,3,signed,signed,False
6,4,3,unsigned,signed,False
6,4,3,signed,unsigned,True
6,4,3,unsigned,unsigned,True
7,4,3,signed,signed,False
7,4,3,unsigned,signed,False
7,4,3,signed,unsigned,True
7,4,3,unsigned,unsigned,True
8,4,3,signed,signed,False
8,4,3,unsigned,signed,False
8,4,3,signed,unsigned,True
8,4,3,unsigned,unsigned,True
1,4,4,signed,signed,False
1,4,4,unsigned,signed,False
1,4,4,signed,unsigned,False
1,4,4,unsigned,unsigned,True
2,4,4,signed,signed,False
2,4,4,unsigned,signed,False
2,4,4,signed,unsigned,False
2,4,4,unsigned,unsigned,True
3,4,4,signed,signed,False
3,4,4,unsigned,signed,False
3,4,4,signed,unsigned,True
3,4,4,unsigned,unsigned,True
4,4,4,signed,signed,False
4,4,4,unsigned,signed,False
4,4,4,signed,unsigned,True
4,4,4,unsigned,unsigned,True
5,4,4,signed,signed,False
5,4,4,unsigned,signed,False
5,4,4,signed,unsigned,True
5,4,4,unsigned,unsigned,True
6,4,4,signed,signed,False
6,4,4,unsigned,signed,False
6,4,4,signed,unsigned,True
6,4,4,unsigned,unsigned,True
7,4,4,signed,signed,False
7,4,4,unsigned,signed,False
7,4,4,signed,unsigned,True
7,4,4,unsigned,unsigned,True
8,4,4,signed,signed,False
8,4,4,unsigned,signed,False
8,4,4,signed,unsigned,True
8,4,4,unsigned,unsigned,True
1,4,5,signed,signed,False
1,4,5,unsigned,signed,False
1,4,5,signed,unsigned,False
1,4,5,unsigned,unsigned,True
2,4,5,signed,signed,False
2,4,5,unsigned,signed,False
2,4,5,signed,unsigned,False
2,4,5,unsigned,unsigned,True
3,4,5,signed,signed,False
3,4,5,unsigned,signed,False
3,4,5,signed,unsigned,False
3,4,5,unsigned,unsigned,True
4,4,5,signed,signed,False
4,4,5,unsigned,signed,False
4,4,5,signed,unsigned,True
4,4,5,unsigned,unsigned,True
5,4,5,signed,signed,False
5,4,5,unsigned,signed,False
5,4,5,signed,unsigned,True
5,4,5,unsigned,unsigned,True
6,4,5,signed,signed,False
6,4,5,unsigned,signed,False
6,4,5,signed,unsigned,True
6,4,5,unsigned,unsigned,True
7,4,5,signed,signed,False
7,4,5,unsigned,signed,False
7,4,5,signed,unsigned,True
7,4,5,unsigned,unsigned,True
8,4,5,signed,signed,False
8,4,5,unsigned,signed,False
8,4,5,signed,unsigned,True
8,4,5,unsigned,unsigned,True
1,4,6,signed,signed,False
1,4,6,unsigned,signed,False
1,4,6,signed,unsigned,False
1,4,6,unsigned,unsigned,True
2,4,6,signed,signed,False
2,4,6,unsigned,signed,False
2,4,6,signed,unsigned,False
2,4,6,unsigned,unsigned,True
3,4,6,signed,signed,False
3,4,6,unsigned,signed,False
3,4,6,signed,unsigned,False
3,4,6,unsigned,unsigned,True
4,4,6,signed,signed,False
4,4,6,unsigned,signed,False
4,4,6,signed,unsigned,False
4,4,6,unsigned,unsigned,True
5,4,6,signed,signed,False
5,4,6,unsigned,signed,False
5,4,6,signed,unsigned,True
5,4,6,unsigned,unsigned,True
6,4,6,signed,signed,False
6,4,6,unsigned,signed,False
6,4,6,signed,unsigned,True
6,4,6,unsigned,unsigned,True
7,4,6,signed,signed,False
7,4,6,unsigned,signed,False
7,4,6,signed,unsigned,True
7,4,6,unsigned,unsigned,True
8,4,6,signed,signed,False
8,4,6,unsigned,signed,False
8,4,6,signed,unsigned,True
8,4,6,unsigned,unsigned,True
1,4,7,signed,signed,False
1,4,7,unsigned,signed,False
1,4,7,signed,unsigned,False
1,4,7,unsigned,unsigned,True
2,4,7,signed,signed,False
2,4,7,unsigned,signed,False
2,4,7,signed,unsigned,False
2,4,7,unsigned,unsigned,True
3,4,7,signed,signed,False
3,4,7,unsigned,signed,False
3,4,7,signed,unsigned,False
3,4,7,unsigned,unsigned,True
4,4,7,signed,signed,False
4,4,7,unsigned,signed,False
4,4,7,signed,unsigned,False
4,4,7,unsigned,unsigned,True
5,4,7,signed,signed,False
5,4,7,unsigned,signed,False
5,4,7,signed,unsigned,False
5,4,7,unsigned,unsigned,True
6,4,7,signed,signed,False
6,4,7,unsigned,signed,False
6,4,7,signed,unsigned,True
6,4,7,unsigned,unsigned,True
7,4,7,signed,signed,False
7,4,7,unsigned,signed,False
7,4,7,signed,unsigned,True
7,4,7,unsigned,unsigned,True
8,4,7,signed,signed,False
8,4,7,unsigned,signed,False
8,4,7,signed,unsigned,True
8,4,7,unsigned,unsigned,True
1,4,8,signed,signed,False
1,4,8,unsigned,signed,False
1,4,8,signed,unsigned,False
1,4,8,unsigned,unsigned,True
2,4,8,signed,signed,False
2,4,8,unsigned,signed,False
2,4,8,signed,unsigned,False
2,4,8,unsigned,unsigned,True
3,4,8,signed,signed,False
3,4,8,unsigned,signed,False
3,4,8,signed,unsigned,False
3,4,8,unsigned,unsigned,True
4,4,8,signed,signed,False
4,4,8,unsigned,signed,False
4,4,8,signed,unsigned,False
4,4,8,unsigned,unsigned,True
5,4,8,signed,signed,False
5,4,8,unsigned,signed,False
5,4,8,signed,unsigned,False
5,4,8,unsigned,unsigned,True
6,4,8,signed,signed,False
6,4,8,unsigned,signed,False
6,4,8,signed,unsigned,False
6,4,8,unsigned,unsigned,True
7,4,8,signed,signed,False
7,4,8,unsigned,signed,False
7,4,8,signed,unsigned,True
7,4,8,unsigned,unsigned,True
8,4,8,signed,signed,False
8,4,8,unsigned,signed,False
8,4,8,signed,unsigned,True
8,4,8,unsigned,unsigned,True
1,5,1,signed,signed,True
1,5,1,unsigned,signed,True
1,5,1,signed,unsigned,True
1,5,1,unsigned,unsigned,True
2,5,1,signed,signed,True
2,5,1,unsigned,signed,True
2,5,1,signed,unsigned,True
2,5,1,unsigned,unsigned,True
3,5,1,signed,signed,True
3,5,1,unsigned,signed,True
3,5,1,signed,unsigned,True
3,5,1,unsigned,unsigned,True
4,5,1,signed,signed,True
4,5,1,unsigned,signed,True
4,5,1,signed,unsigned,True
4,5,1,unsigned,unsigned,True
5,5,1,signed,signed,True
5,5,1,unsigned,signed,True
5,5,1,signed,unsigned,True
5,5,1,unsigned,unsigned,True
6,5,1,signed,signed,True
6,5,1,unsigned,signed,True
6,5,1,signed,unsigned,True
6,5,1,unsigned,unsigned,True
7,5,1,signed,signed,True
7,5,1,unsigned,signed,True
7,5,1,signed,unsigned,True
7,5,1,unsigned,unsigned,True
8,5,1,signed,signed,True
8,5,1,unsigned,signed,True
8,5,1,signed,unsigned,True
8,5,1,unsigned,unsigned,True
1,5,2,signed,signed,True
1,5,2,unsigned,signed,True
1,5,2,signed,unsigned,True
1,5,2,unsigned,unsigned,True
2,5,2,signed,signed,True
2,5,2,unsigned,signed,True
2,5,2,signed,unsigned,True
2,5,2,unsigned,unsigned,True
3,5,2,signed,signed,True
3,5,2,unsigned,signed,True
3,5,2,signed,unsigned,True
3,5,2,unsigned,unsigned,True
4,5,2,signed,signed,True
4,5,2,unsigned,signed,True
4,5,2,signed,unsigned,True
4,5,2,unsigned,unsigned,True
5,5,2,signed,signed,True
5,5,2,unsigned,signed,True
5,5,2,signed,unsigned,True
5,5,2,unsigned,unsigned,True
6,5,2,signed,signed,True
6,5,2,unsigned,signed,True
6,5,2,signed,unsigned,True
6,5,2,unsigned,unsigned,True
7,5,2,signed,signed,True
7,5,2,unsigned,signed,True
7,5,2,signed,unsigned,True
7,5,2,unsigned,unsigned,True
8,5,2,signed,signed,True
8,5,2,unsigned,signed,True
8,5,2,signed,unsigned,True
8,5,2,unsigned,unsigned,True
1,5,3,signed,signed,False
1,5,3,unsigned,signed,False
1,5,3,signed,unsigned,False
1,5,3,unsigned,unsigned,True
2,5,3,signed,signed,False
2,5,3,unsigned,signed,False
2,5,3,signed,unsigned,True
2,5,3,unsigned,unsigned,True
3,5,3,signed,signed,False
3,5,3,unsigned,signed,False
3,5,3,signed,unsigned,True
3,5,3,unsigned,unsigned,True
4,5,3,signed,signed,False
4,5,3,unsigned,signed,False
4,5,3,signed,unsigned,True
4,5,3,unsigned,unsigned,True
5,5,3,signed,signed,False
5,5,3,unsigned,signed,False
5,5,3,signed,unsigned,True
5,5,3,unsigned,unsigned,True
6,5,3,signed,signed,False
6,5,3,unsigned,signed,False
6,5,3,signed,unsigned,True
6,5,3,unsigned,unsigned,True
7,5,3,signed,signed,False
7,5,3,unsigned,signed,False
7,5,3,signed,unsigned,True
7,5,3,unsigned,unsigned,True
8,5,3,signed,signed,False
8,5,3,unsigned,signed,False
8,5,3,signed,unsigned,True
8,5,3,unsigned,unsigned,True
1,5,4,signed,signed,False
1,5,4,unsigned,signed,False
1,5,4,signed,unsigned,False
1,5,4,unsigned,unsigned,True
2,5,4,signed,signed,False
2,5,4,unsigned,signed,False
2,5,4,signed,unsigned,False
2,5,4,unsigned,unsigned,True
3,5,4,signed,signed,False
3,5,4,unsigned,signed,False
3,5,4,signed,unsigned,True
3,5,4,unsigned,unsigned,True
4,5,4,signed,signed,False
4,5,4,unsigned,signed,False
4,5,4,signed,unsigned,True
4,5,4,unsigned,unsigned,True
5,5,4,signed,signed,False
5,5,4,unsigned,signed,False
5,5,4,signed,unsigned,True
5,5,4,unsigned,unsigned,True
6,5,4,signed,signed,False
6,5,4,unsigned,signed,False
6,5,4,signed,unsigned,True
6,5,4,unsigned,unsigned,True
7,5,4,signed,signed,False
7,5,4,unsigned,signed,False
7,5,4,signed,unsigned,True
7,5,4,unsigned,unsigned,True
8,5,4,signed,signed,False
8,5,4,unsigned,signed,False
8,5,4,signed,unsigned,True
8,5,4,unsigned,unsigned,True
1,5,5,signed,signed,False
1,5,5,unsigned,signed,False
1,5,5,signed,unsigned,False
1,5,5,unsigned,unsigned,True
2,5,5,signed,signed,False
2,5,5,unsigned,signed,False
2,5,5,signed,unsigned,False
2,5,5,unsigned,unsigned,True
3,5,5,signed,signed,False
3,5,5,unsigned,signed,False
3,5,5,signed,unsigned,False
3,5,5,unsigned,unsigned,True
4,5,5,signed,signed,False
4,5,5,unsigned,signed,False
4,5,5,signed,unsigned,True
4,5,5,unsigned,unsigned,True
5,5,5,signed,signed,False
5,5,5,unsigned,signed,False
5,5,5,signed,unsigned,True
5,5,5,unsigned,unsigned,True
6,5,5,signed,signed,False
6,5,5,unsigned,signed,False
6,5,5,signed,unsigned,True
6,5,5,unsigned,unsigned,True
7,5,5,signed,signed,False
7,5,5,unsigned,signed,False
7,5,5,signed,unsigned,True
7,5,5,unsigned,unsigned,True
8,5,5,signed,signed,False
8,5,5,unsigned,signed,False
8,5,5,signed,unsigned,True
8,5,5,unsigned,unsigned,True
1,5,6,signed,signed,False
1,5,6,unsigned,signed,False
1,5,6,signed,unsigned,False
1,5,6,unsigned,unsigned,True
2,5,6,signed,signed,False
2,5,6,unsigned,signed,False
2,5,6,signed,unsigned,False
2,5,6,unsigned,unsigned,True
3,5,6,signed,signed,False
3,5,6,unsigned,signed,False
3,5,6,signed,unsigned,False
3,5,6,unsigned,unsigned,True
4,5,6,signed,signed,False
4,5,6,unsigned,signed,False
4,5,6,signed,unsigned,False
4,5,6,unsigned,unsigned,True
5,5,6,signed,signed,False
5,5,6,unsigned,signed,False
5,5,6,signed,unsigned,True
5,5,6,unsigned,unsigned,True
6,5,6,signed,signed,False
6,5,6,unsigned,signed,False
6,5,6,signed,unsigned,True
6,5,6,unsigned,unsigned,True
7,5,6,signed,signed,False
7,5,6,unsigned,signed,False
7,5,6,signed,unsigned,True
7,5,6,unsigned,unsigned,True
8,5,6,signed,signed,False
8,5,6,unsigned,signed,False
8,5,6,signed,unsigned,True
8,5,6,unsigned,unsigned,True
1,5,7,signed,signed,False
1,5,7,unsigned,signed,False
1,5,7,signed,unsigned,False
1,5,7,unsigned,unsigned,True
2,5,7,signed,signed,False
2,5,7,unsigned,signed,False
2,5,7,signed,unsigned,False
2,5,7,unsigned,unsigned,True
3,5,7,signed,signed,False
3,5,7,unsigned,signed,False
3,5,7,signed,unsigned,False
3,5,7,unsigned,unsigned,True
4,5,7,signed,signed,False
4,5,7,unsigned,signed,False
4,5,7,signed,unsigned,False
4,5,7,unsigned,unsigned,True
5,5,7,signed,signed,False
5,5,7,unsigned,signed,False
5,5,7,signed,unsigned,False
5,5,7,unsigned,unsigned,True
6,5,7,signed,signed,False
6,5,7,unsigned,signed,False
6,5,7,signed,unsigned,True
6,5,7,unsigned,unsigned,True
7,5,7,signed,signed,False
7,5,7,unsigned,signed,False
7,5,7,signed,unsigned,True
7,5,7,unsigned,unsigned,True
8,5,7,signed,signed,False
8,5,7,unsigned,signed,False
8,5,7,signed,unsigned,True
8,5,7,unsigned,unsigned,True
1,5,8,signed,signed,False
1,5,8,unsigned,signed,False
1,5,8,signed,unsigned,False
1,5,8,unsigned,unsigned,True
2,5,8,signed,signed,False
2,5,8,unsigned,signed,False
2,5,8,signed,unsigned,False
2,5,8,unsigned,unsigned,True
3,5,8,signed,signed,False
3,5,8,unsigned,signed,False
3,5,8,signed,unsigned,False
3,5,8,unsigned,unsigned,True
4,5,8,signed,signed,False
4,5,8,unsigned,signed,False
4,5,8,signed,unsigned,False
4,5,8,unsigned,unsigned,True
5,5,8,signed,signed,False
5,5,8,unsigned,signed,False
5,5,8,signed,unsigned,False
5,5,8,unsigned,unsigned,True
6,5,8,signed,signed,False
6,5,8,unsigned,signed,False
6,5,8,signed,unsigned,False
6,5,8,unsigned,unsigned,True
7,5,8,signed,signed,False
7,5,8,unsigned,signed,False
7,5,8,signed,unsigned,True
7,5,8,unsigned,unsigned,True
8,5,8,signed,signed,False
8,5,8,unsigned,signed,False
8,5,8,signed,unsigned,True
8,5,8,unsigned,unsigned,True
1,6,1,signed,signed,True
1,6,1,unsigned,signed,True
1,6,1,signed,unsigned,True
1,6,1,unsigned,unsigned,True
2,6,1,signed,signed,True
2,6,1,unsigned,signed,True
2,6,1,signed,unsigned,True
2,6,1,unsigned,unsigned,True
3,6,1,signed,signed,True
3,6,1,unsigned,signed,True
3,6,1,signed,unsigned,True
3,6,1,unsigned,unsigned,True
4,6,1,signed,signed,True
4,6,1,unsigned,signed,True
4,6,1,signed,unsigned,True
4,6,1,unsigned,unsigned,True
5,6,1,signed,signed,True
5,6,1,unsigned,signed,True
5,6,1,signed,unsigned,True
5,6,1,unsigned,unsigned,True
6,6,1,signed,signed,True
6,6,1,unsigned,signed,True
6,6,1,signed,unsigned,True
6,6,1,unsigned,unsigned,True
7,6,1,signed,signed,True
7,6,1,unsigned,signed,True
7,6,1,signed,unsigned,True
7,6,1,unsigned,unsigned,True
8,6,1,signed,signed,True
8,6,1,unsigned,signed,True
8,6,1,signed,unsigned,True
8,6,1,unsigned,unsigned,True
1,6,2,signed,signed,True
1,6,2,unsigned,signed,True
1,6,2,signed,unsigned,True
1,6,2,unsigned,unsigned,True
2,6,2,signed,signed,True
2,6,2,unsigned,signed,True
2,6,2,signed,unsigned,True
2,6,2,unsigned,unsigned,True
3,6,2,signed,signed,True
3,6,2,unsigned,signed,True
3,6,2,signed,unsigned,True
3,6,2,unsigned,unsigned,True
4,6,2,signed,signed,True
4,6,2,unsigned,signed,True
4,6,2,signed,unsigned,True
4,6,2,unsigned,unsigned,True
5,6,2,signed,signed,True
5,6,2,unsigned,signed,True
5,6,2,signed,unsigned,True
5,6,2,unsigned,unsigned,True
6,6,2,signed,signed,True
6,6,2,unsigned,signed,True
6,6,2,signed,unsigned,True
6,6,2,unsigned,unsigned,True
7,6,2,signed,signed,True
7,6,2,unsigned,signed,True
7,6,2,signed,unsigned,True
7,6,2,unsigned,unsigned,True
8,6,2,signed,signed,True
8,6,2,unsigned,signed,True
8,6,2,signed,unsigned,True
8,6,2,unsigned,unsigned,True
1,6,3,signed,signed,False
1,6,3,unsigned,signed,False
1,6,3,signed,unsigned,False
1,6,3,unsigned,unsigned,True
2,6,3,signed,signed,False
2,6,3,unsigned,signed,False
2,6,3,signed,unsigned,True
2,6,3,unsigned,unsigned,True
3,6,3,signed,signed,False
3,6,3,unsigned,signed,False
3,6,3,signed,unsigned,True
3,6,3,unsigned,unsigned,True
4,6,3,signed,signed,False
4,6,3,unsigned,signed,False
4,6,3,signed,unsigned,True
4,6,3,unsigned,unsigned,True
5,6,3,signed,signed,False
5,6,3,unsigned,signed,False
5,6,3,signed,unsigned,True
5,6,3,unsigned,unsigned,True
6,6,3,signed,signed,False
6,6,3,unsigned,signed,False
6,6,3,signed,unsigned,True
6,6,3,unsigned,unsigned,True
7,6,3,signed,signed,False
7,6,3,unsigned,signed,False
7,6,3,signed,unsigned,True
7,6,3,unsigned,unsigned,True
8,6,3,signed,signed,False
8,6,3,unsigned,signed,False
8,6,3,signed,unsigned,True
8,6,3,unsigned,unsigned,True
1,6,4,signed,signed,False
1,6,4,unsigned,signed,False
1,6,4,signed,unsigned,False
1,6,4,unsigned,unsigned,True
2,6,4,signed,signed,False
2,6,4,unsigned,signed,False
2,6,4,signed,unsigned,False
2,6,4,unsigned,unsigned,True
3,6,4,signed,signed,False
3,6,4,unsigned,signed,False
3,6,4,signed,unsigned,True
3,6,4,unsigned,unsigned,True
4,6,4,signed,signed,False
4,6,4,unsigned,signed,False
4,6,4,signed,unsigned,True
4,6,4,unsigned,unsigned,True
5,6,4,signed,signed,False
5,6,4,unsigned,signed,False
5,6,4,signed,unsigned,True
5,6,4,unsigned,unsigned,True
6,6,4,signed,signed,False
6,6,4,unsigned,signed,False
6,6,4,signed,unsigned,True
6,6,4,unsigned,unsigned,True
7,6,4,signed,signed,False
7,6,4,unsigned,signed,False
7,6,4,signed,unsigned,True
7,6,4,unsigned,unsigned,True
8,6,4,signed,signed,False
8,6,4,unsigned,signed,False
8,6,4,signed,unsigned,True
8,6,4,unsigned,unsigned,True
1,6,5,signed,signed,False
1,6,5,unsigned,signed,False
1,6,5,signed,unsigned,False
1,6,5,unsigned,unsigned,True
2,6,5,signed,signed,False
2,6,5,unsigned,signed,False
2,6,5,signed,unsigned,False
2,6,5,unsigned,unsigned,True
3,6,5,signed,signed,False
3,6,5,unsigned,signed,False
3,6,5,signed,unsigned,False
3,6,5,unsigned,unsigned,True
4,6,5,signed,signed,False
4,6,5,unsigned,signed,False
4,6,5,signed,unsigned,True
4,6,5,unsigned,unsigned,True
5,6,5,signed,signed,False
5,6,5,unsigned,signed,False
5,6,5,signed,unsigned,True
5,6,5,unsigned,unsigned,True
6,6,5,signed,signed,False
6,6,5,unsigned,signed,False
6,6,5,signed,unsigned,True
6,6,5,unsigned,unsigned,True
7,6,5,signed,signed,False
7,6,5,unsigned,signed,False
7,6,5,signed,unsigned,True
7,6,5,unsigned,unsigned,True
8,6,5,signed,signed,False
8,6,5,unsigned,signed,False
8,6,5,signed,unsigned,True
8,6,5,unsigned,unsigned,True
1,6,6,signed,signed,False
1,6,6,unsigned,signed,False
1,6,6,signed,unsigned,False
1,6,6,unsigned,unsigned,True
2,6,6,signed,signed,False
2,6,6,unsigned,signed,False
2,6,6,signed,unsigned,False
2,6,6,unsigned,unsigned,True
3,6,6,signed,signed,False
3,6,6,unsigned,signed,False
3,6,6,signed,unsigned,False
3,6,6,unsigned,unsigned,True
4,6,6,signed,signed,False
4,6,6,unsigned,signed,False
4,6,6,signed,unsigned,False
4,6,6,unsigned,unsigned,True
5,6,6,signed,signed,False
5,6,6,unsigned,signed,False
5,6,6,signed,unsigned,True
5,6,6,unsigned,unsigned,True
6,6,6,signed,signed,False
6,6,6,unsigned,signed,False
6,6,6,signed,unsigned,True
6,6,6,unsigned,unsigned,True
7,6,6,signed,signed,False
7,6,6,unsigned,signed,False
7,6,6,signed,unsigned,True
7,6,6,unsigned,unsigned,True
8,6,6,signed,signed,False
8,6,6,unsigned,signed,False
8,6,6,signed,unsigned,True
8,6,6,unsigned,unsigned,True
1,6,7,signed,signed,False
1,6,7,unsigned,signed,False
1,6,7,signed,unsigned,False
1,6,7,unsigned,unsigned,True
2,6,7,signed,signed,False
2,6,7,unsigned,signed,False
2,6,7,signed,unsigned,False
2,6,7,unsigned,unsigned,True
3,6,7,signed,signed,False
3,6,7,unsigned,signed,False
3,6,7,signed,unsigned,False
3,6,7,unsigned,unsigned,True
4,6,7,signed,signed,False
4,6,7,unsigned,signed,False
4,6,7,signed,unsigned,False
4,6,7,unsigned,unsigned,True
5,6,7,signed,signed,False
5,6,7,unsigned,signed,False
5,6,7,signed,unsigned,False
5,6,7,unsigned,unsigned,True
6,6,7,signed,signed,False
6,6,7,unsigned,signed,False
6,6,7,signed,unsigned,True
6,6,7,unsigned,unsigned,True
7,6,7,signed,signed,False
7,6,7,unsigned,signed,False
7,6,7,signed,unsigned,True
7,6,7,unsigned,unsigned,True
8,6,7,signed,signed,False
8,6,7,unsigned,signed,False
8,6,7,signed,unsigned,True
8,6,7,unsigned,unsigned,True
1,6,8,signed,signed,False
1,6,8,unsigned,signed,False
1,6,8,signed,unsigned,False
1,6,8,unsigned,unsigned,True
2,6,8,signed,signed,False
2,6,8,unsigned,signed,False
2,6,8,signed,unsigned,False
2,6,8,unsigned,unsigned,True
3,6,8,signed,signed,False
3,6,8,unsigned,signed,False
3,6,8,signed,unsigned,False
3,6,8,unsigned,unsigned,True
4,6,8,signed,signed,False
4,6,8,unsigned,signed,False
4,6,8,signed,unsigned,False
4,6,8,unsigned,unsigned,True
5,6,8,signed,signed,False
5,6,8,unsigned,signed,False
5,6,8,signed,unsigned,False
5,6,8,unsigned,unsigned,True
6,6,8,signed,signed,False
6,6,8,unsigned,signed,False
6,6,8,signed,unsigned,False
6,6,8,unsigned,unsigned,True
7,6,8,signed,signed,False
7,6,8,unsigned,signed,False
7,6,8,signed,unsigned,True
7,6,8,unsigned,unsigned,True
8,6,8,signed,signed,False
8,6,8,unsigned,signed,False
8,6,8,signed,unsigned,True
8,6,8,unsigned,unsigned,True
1,7,1,signed,signed,True
1,7,1,unsigned,signed,True
1,7,1,signed,unsigned,True
1,7,1,unsigned,unsigned,True
2,7,1,signed,signed,True
2,7,1,unsigned,signed,True
2,7,1,signed,unsigned,True
2,7,1,unsigned,unsigned,True
3,7,1,signed,signed,True
3,7,1,unsigned,signed,True
3,7,1,signed,unsigned,True
3,7,1,unsigned,unsigned,True
4,7,1,signed,signed,True
4,7,1,unsigned,signed,True
4,7,1,signed,unsigned,True
4,7,1,unsigned,unsigned,True
5,7,1,signed,signed,True
5,7,1,unsigned,signed,True
5,7,1,signed,unsigned,True
5,7,1,unsigned,unsigned,True
6,7,1,signed,signed,True
6,7,1,unsigned,signed,True
6,7,1,signed,unsigned,True
6,7,1,unsigned,unsigned,True
7,7,1,signed,signed,True
7,7,1,unsigned,signed,True
7,7,1,signed,unsigned,True
7,7,1,unsigned,unsigned,True
8,7,1,signed,signed,True
8,7,1,unsigned,signed,True
8,7,1,signed,unsigned,True
8,7,1,unsigned,unsigned,True
1,7,2,signed,signed,True
1,7,2,unsigned,signed,True
1,7,2,signed,unsigned,True
1,7,2,unsigned,unsigned,True
2,7,2,signed,signed,True
2,7,2,unsigned,signed,True
2,7,2,signed,unsigned,True
2,7,2,unsigned,unsigned,True
3,7,2,signed,signed,True
3,7,2,unsigned,signed,True
3,7,2,signed,unsigned,True
3,7,2,unsigned,unsigned,True
4,7,2,signed,signed,True
4,7,2,unsigned,signed,True
4,7,2,signed,unsigned,True
4,7,2,unsigned,unsigned,True
5,7,2,signed,signed,True
5,7,2,unsigned,signed,True
5,7,2,signed,unsigned,True
5,7,2,unsigned,unsigned,True
6,7,2,signed,signed,True
6,7,2,unsigned,signed,True
6,7,2,signed,unsigned,True
6,7,2,unsigned,unsigned,True
7,7,2,signed,signed,True
7,7,2,unsigned,signed,True
7,7,2,signed,unsigned,True
7,7,2,unsigned,unsigned,True
8,7,2,signed,signed,True
8,7,2,unsigned,signed,True
8,7,2,signed,unsigned,True
8,7,2,unsigned,unsigned,True
1,7,3,signed,signed,False
1,7,3,unsigned,signed,False
1,7,3,signed,unsigned,False
1,7,3,unsigned,unsigned,True
2,7,3,signed,signed,False
2,7,3,unsigned,signed,False
2,7,3,signed,unsigned,True
2,7,3,unsigned,unsigned,True
3,7,3,signed,signed,False
3,7,3,unsigned,signed,False
3,7,3,signed,unsigned,True
3,7,3,unsigned,unsigned,True
4,7,3,signed,signed,False
4,7,3,unsigned,signed,False
4,7,3,signed,unsigned,True
4,7,3,unsigned,unsigned,True
5,7,3,signed,signed,False
5,7,3,unsigned,signed,False
5,7,3,signed,unsigned,True
5,7,3,unsigned,unsigned,True
6,7,3,signed,signed,False
6,7,3,unsigned,signed,False
6,7,3,signed,unsigned,True
6,7,3,unsigned,unsigned,True
7,7,3,signed,signed,False
7,7,3,unsigned,signed,False
7,7,3,signed,unsigned,True
7,7,3,unsigned,unsigned,True
8,7,3,signed,signed,False
8,7,3,unsigned,signed,False
8,7,3,signed,unsigned,True
8,7,3,unsigned,unsigned,True
1,7,4,signed,signed,False
1,7,4,unsigned,signed,False
1,7,4,signed,unsigned,False
1,7,4,unsigned,unsigned,True
2,7,4,signed,signed,False
2,7,4,unsigned,signed,False
2,7,4,signed,unsigned,False
2,7,4,unsigned,unsigned,True
3,7,4,signed,signed,False
3,7,4,unsigned,signed,False
3,7,4,signed,unsigned,True
3,7,4,unsigned,unsigned,True
4,7,4,signed,signed,False
4,7,4,unsigned,signed,False
4,7,4,signed,unsigned,True
4,7,4,unsigned,unsigned,True
5,7,4,signed,signed,False
5,7,4,unsigned,signed,False
5,7,4,signed,unsigned,True
5,7,4,unsigned,unsigned,True
6,7,4,signed,signed,False
6,7,4,unsigned,signed,False
6,7,4,signed,unsigned,True
6,7,4,unsigned,unsigned,True
7,7,4,signed,signed,False
7,7,4,unsigned,signed,False
7,7,4,signed,unsigned,True
7,7,4,unsigned,unsigned,True
8,7,4,signed,signed,False
8,7,4,unsigned,signed,False
8,7,4,signed,unsigned,True
8,7,4,unsigned,unsigned,True
1,7,5,signed,signed,False
1,7,5,unsigned,signed,False
1,7,5,signed,unsigned,False
1,7,5,unsigned,unsigned,True
2,7,5,signed,signed,False
2,7,5,unsigned,signed,False
2,7,5,signed,unsigned,False
2,7,5,unsigned,unsigned,True
3,7,5,signed,signed,False
3,7,5,unsigned,signed,False
3,7,5,signed,unsigned,False
3,7,5,unsigned,unsigned,True
4,7,5,signed,signed,False
4,7,5,unsigned,signed,False
4,7,5,signed,unsigned,True
4,7,5,unsigned,unsigned,True
5,7,5,signed,signed,False
5,7,5,unsigned,signed,False
5,7,5,signed,unsigned,True
5,7,5,unsigned,unsigned,True
6,7,5,signed,signed,False
6,7,5,unsigned,signed,False
6,7,5,signed,unsigned,True
6,7,5,unsigned,unsigned,True
7,7,5,signed,signed,False
7,7,5,unsigned,signed,False
7,7,5,signed,unsigned,True
7,7,5,unsigned,unsigned,True
8,7,5,signed,signed,False
8,7,5,unsigned,signed,False
8,7,5,signed,unsigned,True
8,7,5,unsigned,unsigned,True
1,7,6,signed,signed,False
1,7,6,unsigned,signed,False
1,7,6,signed,unsigned,False
1,7,6,unsigned,unsigned,True
2,7,6,signed,signed,False
2,7,6,unsigned,signed,False
2,7,6,signed,unsigned,False
2,7,6,unsigned,unsigned,True
3,7,6,signed,signed,False
3,7,6,unsigned,signed,False
3,7,6,signed,unsigned,False
3,7,6,unsigned,unsigned,True
4,7,6,signed,signed,False
4,7,6,unsigned,signed,False
4,7,6,signed,unsigned,False
4,7,6,unsigned,unsigned,True
5,7,6,signed,signed,False
5,7,6,unsigned,signed,False
5,7,6,signed,unsigned,True
5,7,6,unsigned,unsigned,True
6,7,6,signed,signed,False
6,7,6,unsigned,signed,False
6,7,6,signed,unsigned,True
6,7,6,unsigned,unsigned,True
7,7,6,signed,signed,False
7,7,6,unsigned,signed,False
7,7,6,signed,unsigned,True
7,7,6,unsigned,unsigned,True
8,7,6,signed,signed,False
8,7,6,unsigned,signed,False
8,7,6,signed,unsigned,True
8,7,6,unsigned,unsigned,True
1,7,7,signed,signed,False
1,7,7,unsigned,signed,False
1,7,7,signed,unsigned,False
1,7,7,unsigned,unsigned,True
2,7,7,signed,signed,False
2,7,7,unsigned,signed,False
2,7,7,signed,unsigned,False
2,7,7,unsigned,unsigned,True
3,7,7,signed,signed,False
3,7,7,unsigned,signed,False
3,7,7,signed,unsigned,False
3,7,7,unsigned,unsigned,True
4,7,7,signed,signed,False
4,7,7,unsigned,signed,False
4,7,7,signed,unsigned,False
4,7,7,unsigned,unsigned,True
5,7,7,signed,signed,False
5,7,7,unsigned,signed,False
5,7,7,signed,unsigned,False
5,7,7,unsigned,unsigned,True
6,7,7,signed,signed,False
6,7,7,unsigned,signed,False
6,7,7,signed,unsigned,True
6,7,7,unsigned,unsigned,True
7,7,7,signed,signed,False
7,7,7,unsigned,signed,False
7,7,7,signed,unsigned,True
7,7,7,unsigned,unsigned,True
8,7,7,signed,signed,False
8,7,7,unsigned,signed,False
8,7,7,signed,unsigned,True
8,7,7,unsigned,unsigned,True
1,7,8,signed,signed,False
1,7,8,unsigned,signed,False
1,7,8,signed,unsigned,False
1,7,8,unsigned,unsigned,True
2,7,8,signed,signed,False
2,7,8,unsigned,signed,False
2,7,8,signed,unsigned,False
2,7,8,unsigned,unsigned,True
3,7,8,signed,signed,False
3,7,8,unsigned,signed,False
3,7,8,signed,unsigned,False
3,7,8,unsigned,unsigned,True
4,7,8,signed,signed,False
4,7,8,unsigned,signed,False
4,7,8,signed,unsigned,False
4,7,8,unsigned,unsigned,True
5,7,8,signed,signed,False
5,7,8,unsigned,signed,False
5,7,8,signed,unsigned,False
5,7,8,unsigned,unsigned,True
6,7,8,signed,signed,False
6,7,8,unsigned,signed,False
6,7,8,signed,unsigned,False
6,7,8,unsigned,unsigned,True
7,7,8,signed,signed,False
7,7,8,unsigned,signed,False
7,7,8,signed,unsigned,True
7,7,8,unsigned,unsigned,True
8,7,8,signed,signed,False
8,7,8,unsigned,signed,False
8,7,8,signed,unsigned,True
8,7,8,unsigned,unsigned,True
1,8,1,signed,signed,True
1,8,1,unsigned,signed,True
1,8,1,signed,unsigned,True
1,8,1,unsigned,unsigned,True
2,8,1,signed,signed,True
2,8,1,unsigned,signed,True
2,8,1,signed,unsigned,True
2,8,1,unsigned,unsigned,True
3,8,1,signed,signed,True
3,8,1,unsigned,signed,True
3,8,1,signed,unsigned,True
3,8,1,unsigned,unsigned,True
4,8,1,signed,signed,True
4,8,1,unsigned,signed,True
4,8,1,signed,unsigned,True
4,8,1,unsigned,unsigned,True
5,8,1,signed,signed,True
5,8,1,unsigned,signed,True
5,8,1,signed,unsigned,True
5,8,1,unsigned,unsigned,True
6,8,1,signed,signed,True
6,8,1,unsigned,signed,True
6,8,1,signed,unsigned,True
6,8,1,unsigned,unsigned,True
7,8,1,signed,signed,True
7,8,1,unsigned,signed,True
7,8,1,signed,unsigned,True
7,8,1,unsigned,unsigned,True
8,8,1,signed,signed,True
8,8,1,unsigned,signed,True
8,8,1,signed,unsigned,True
8,8,1,unsigned,unsigned,True
1,8,2,signed,signed,True
1,8,2,unsigned,signed,True
1,8,2,signed,unsigned,True
1,8,2,unsigned,unsigned,True
2,8,2,signed,signed,True
2,8,2,unsigned,signed,True
2,8,2,signed,unsigned,True
2,8,2,unsigned,unsigned,True
3,8,2,signed,signed,True
3,8,2,unsigned,signed,True
3,8,2,signed,unsigned,True
3,8,2,unsigned,unsigned,True
4,8,2,signed,signed,True
4,8,2,unsigned,signed,True
4,8,2,signed,unsigned,True
4,8,2,unsigned,unsigned,True
5,8,2,signed,signed,True
5,8,2,unsigned,signed,True
5,8,2,signed,unsigned,True
5,8,2,unsigned,unsigned,True
6,8,2,signed,signed,True
6,8,2,unsigned,signed,True
6,8,2,signed,unsigned,True
6,8,2,unsigned,unsigned,True
7,8,2,signed,signed,True
7,8,2,unsigned,signed,True
7,8,2,signed,unsigned,True
7,8,2,unsigned,unsigned,True
8,8,2,signed,signed,True
8,8,2,unsigned,signed,True
8,8,2,signed,unsigned,True
8,8,2,unsigned,unsigned,True
1,8,3,signed,signed,False
1,8,3,unsigned,signed,False
1,8,3,signed,unsigned,False
1,8,3,unsigned,unsigned,True
2,8,3,signed,signed,False
2,8,3,unsigned,signed,False
2,8,3,signed,unsigned,True
2,8,3,unsigned,unsigned,True
3,8,3,signed,signed,False
3,8,3,unsigned,signed,False
3,8,3,signed,unsigned,True
3,8,3,unsigned,unsigned,True
4,8,3,signed,signed,False
4,8,3,unsigned,signed,False
4,8,3,signed,unsigned,True
4,8,3,unsigned,unsigned,True
5,8,3,signed,signed,False
5,8,3,unsigned,signed,False
5,8,3,signed,unsigned,True
5,8,3,unsigned,unsigned,True
6,8,3,signed,signed,False
6,8,3,unsigned,signed,False
6,8,3,signed,unsigned,True
6,8,3,unsigned,unsigned,True
7,8,3,signed,signed,False
7,8,3,unsigned,signed,False
7,8,3,signed,unsigned,True
7,8,3,unsigned,unsigned,True
8,8,3,signed,signed,False
8,8,3,unsigned,signed,False
8,8,3,signed,unsigned,True
8,8,3,unsigned,unsigned,True
1,8,4,signed,signed,False
1,8,4,unsigned,signed,False
1,8,4,signed,unsigned,False
1,8,4,unsigned,unsigned,True
2,8,4,signed,signed,False
2,8,4,unsigned,signed,False
2,8,4,signed,unsigned,False
2,8,4,unsigned,unsigned,True
3,8,4,signed,signed,False
3,8,4,unsigned,signed,False
3,8,4,signed,unsigned,True
3,8,4,unsigned,unsigned,True
4,8,4,signed,signed,False
4,8,4,unsigned,signed,False
4,8,4,signed,unsigned,True
4,8,4,unsigned,unsigned,True
5,8,4,signed,signed,False
5,8,4,unsigned,signed,False
5,8,4,signed,unsigned,True
5,8,4,unsigned,unsigned,True
6,8,4,signed,signed,False
6,8,4,unsigned,signed,False
6,8,4,signed,unsigned,True
6,8,4,unsigned,unsigned,True
7,8,4,signed,signed,False
7,8,4,unsigned,signed,False
7,8,4,signed,unsigned,True
7,8,4,unsigned,unsigned,True
8,8,4,signed,signed,False
8,8,4,unsigned,signed,False
8,8,4,signed,unsigned,True
8,8,4,unsigned,unsigned,True
1,8,5,signed,signed,False
1,8,5,unsigned,signed,False
1,8,5,signed,unsigned,False
1,8,5,unsigned,unsigned,True
2,8,5,signed,signed,False
2,8,5,unsigned,signed,False
2,8,5,signed,unsigned,False
2,8,5,unsigned,unsigned,True
3,8,5,signed,signed,False
3,8,5,unsigned,signed,False
3,8,5,signed,unsigned,False
3,8,5,unsigned,unsigned,True
4,8,5,signed,signed,False
4,8,5,unsigned,signed,False
4,8,5,signed,unsigned,True
4,8,5,unsigned,unsigned,True
5,8,5,signed,signed,False
5,8,5,unsigned,signed,False
5,8,5,signed,unsigned,True
5,8,5,unsigned,unsigned,True
6,8,5,signed,signed,False
6,8,5,unsigned,signed,False
6,8,5,signed,unsigned,True
6,8,5,unsigned,unsigned,True
7,8,5,signed,signed,False
7,8,5,unsigned,signed,False
7,8,5,signed,unsigned,True
7,8,5,unsigned,unsigned,True
8,8,5,signed,signed,False
8,8,5,unsigned,signed,False
8,8,5,signed,unsigned,True
8,8,5,unsigned,unsigned,True
1,8,6,signed,signed,False
1,8,6,unsigned,signed,False
1,8,6,signed,unsigned,False
1,8,6,unsigned,unsigned,True
2,8,6,signed,signed,False
2,8,6,unsigned,signed,False
2,8,6,signed,unsigned,False
2,8,6,unsigned,unsigned,True
3,8,6,signed,signed,False
3,8,6,unsigned,signed,False
3,8,6,signed,unsigned,False
3,8,6,unsigned,unsigned,True
4,8,6,signed,signed,False
4,8,6,unsigned,signed,False
4,8,6,signed,unsigned,False
4,8,6,unsigned,unsigned,True
5,8,6,signed,signed,False
5,8,6,unsigned,signed,False
5,8,6,signed,unsigned,True
5,8,6,unsigned,unsigned,True
6,8,6,signed,signed,False
6,8,6,unsigned,signed,False
6,8,6,signed,unsigned,True
6,8,6,unsigned,unsigned,True
7,8,6,signed,signed,False
7,8,6,unsigned,signed,False
7,8,6,signed,unsigned,True
7,8,6,unsigned,unsigned,True
8,8,6,signed,signed,False
8,8,6,unsigned,signed,False
8,8,6,signed,unsigned,True
8,8,6,unsigned,unsigned,True
1,8,7,signed,signed,False
1,8,7,unsigned,signed,False
1,8,7,signed,unsigned,False
1,8,7,unsigned,unsigned,True
2,8,7,signed,signed,False
2,8,7,unsigned,signed,False
2,8,7,signed,unsigned,False
2,8,7,unsigned,unsigned,True
3,8,7,signed,signed,False
3,8,7,unsigned,signed,False
3,8,7,signed,unsigned,False
3,8,7,unsigned,unsigned,True
4,8,7,signed,signed,False
4,8,7,unsigned,signed,False
4,8,7,signed,unsigned,False
4,8,7,unsigned,unsigned,True
5,8,7,signed,signed,False
5,8,7,unsigned,signed,False
5,8,7,signed,unsigned,False
5,8,7,unsigned,unsigned,True
6,8,7,signed,signed,False
6,8,7,unsigned,signed,False
6,8,7,signed,unsigned,True
6,8,7,unsigned,unsigned,True
7,8,7,signed,signed,False
7,8,7,unsigned,signed,False
7,8,7,signed,unsigned,True
7,8,7,unsigned,unsigned,True
8,8,7,signed,signed,False
8,8,7,unsigned,signed,False
8,8,7,signed,unsigned,True
8,8,7,unsigned,unsigned,True
1,8,8,signed,signed,False
1,8,8,unsigned,signed,False
1,8,8,signed,unsigned,False
1,8,8,unsigned,unsigned,True
2,8,8,signed,signed,False
2,8,8,unsigned,signed,False
2,8,8,signed,unsigned,False
2,8,8,unsigned,unsigned,True
3,8,8,signed,signed,False
3,8,8,unsigned,signed,False
3,8,8,signed,unsigned,False
3,8,8,unsigned,unsigned,True
4,8,8,signed,signed,False
4,8,8,unsigned,signed,False
4,8,8,signed,unsigned,False
4,8,8,unsigned,unsigned,True
5,8,8,signed,signed,False
5,8,8,unsigned,signed,False
5,8,8,signed,unsigned,False
5,8,8,unsigned,unsigned,True
6,8,8,signed,signed,False
6,8,8,unsigned,signed,False
6,8,8,signed,unsigned,False
6,8,8,unsigned,unsigned,True
7,8,8,signed,signed,False
7,8,8,unsigned,signed,False
7,8,8,signed,unsigned,True
7,8,8,unsigned,unsigned,True
8,8,8,signed,signed,False
8,8,8,unsigned,signed,False
8,8,8,signed,unsigned,True
8,8,8,unsigned,unsigned,True
